-- phpMyAdmin SQL Dump
-- version 5.2.1
-- https://www.phpmyadmin.net/
--
-- Host: 127.0.0.1
-- Generation Time: Oct 29, 2023 at 07:52 PM
-- Server version: 10.4.28-MariaDB
-- PHP Version: 8.1.17

SET SQL_MODE = "NO_AUTO_VALUE_ON_ZERO";
START TRANSACTION;
SET time_zone = "+00:00";


/*!40101 SET @OLD_CHARACTER_SET_CLIENT=@@CHARACTER_SET_CLIENT */;
/*!40101 SET @OLD_CHARACTER_SET_RESULTS=@@CHARACTER_SET_RESULTS */;
/*!40101 SET @OLD_COLLATION_CONNECTION=@@COLLATION_CONNECTION */;
/*!40101 SET NAMES utf8mb4 */;

--
-- Database: `news`
--

-- --------------------------------------------------------

--
-- Table structure for table `failed_jobs`
--

CREATE TABLE `failed_jobs` (
  `id` bigint(20) UNSIGNED NOT NULL,
  `uuid` varchar(255) NOT NULL,
  `connection` text NOT NULL,
  `queue` text NOT NULL,
  `payload` longtext NOT NULL,
  `exception` longtext NOT NULL,
  `failed_at` timestamp NOT NULL DEFAULT current_timestamp()
) ENGINE=InnoDB DEFAULT CHARSET=utf8mb4 COLLATE=utf8mb4_unicode_ci;

-- --------------------------------------------------------

--
-- Table structure for table `migrations`
--

CREATE TABLE `migrations` (
  `id` int(10) UNSIGNED NOT NULL,
  `migration` varchar(255) NOT NULL,
  `batch` int(11) NOT NULL
) ENGINE=InnoDB DEFAULT CHARSET=utf8mb4 COLLATE=utf8mb4_unicode_ci;

--
-- Dumping data for table `migrations`
--

INSERT INTO `migrations` (`id`, `migration`, `batch`) VALUES
(1, '2014_10_12_000000_create_users_table', 1),
(2, '2019_08_19_000000_create_failed_jobs_table', 1),
(3, '2019_12_14_000001_create_personal_access_tokens_table', 1);

-- --------------------------------------------------------

--
-- Table structure for table `news`
--

CREATE TABLE `news` (
  `id` bigint(20) UNSIGNED NOT NULL,
  `userId` int(10) UNSIGNED NOT NULL,
  `title` varchar(255) NOT NULL,
  `slug` varchar(255) NOT NULL,
  `pic` varchar(255) DEFAULT NULL,
  `video` varchar(200) DEFAULT NULL,
  `videoServer` tinyint(1) NOT NULL DEFAULT 1,
  `text` longtext NOT NULL,
  `release` varchar(20) NOT NULL,
  `dateAndTime` datetime NOT NULL,
  `meta` text DEFAULT NULL,
  `keyword` varchar(255) DEFAULT NULL,
  `seoTitle` varchar(255) DEFAULT NULL,
  `seen` int(10) UNSIGNED NOT NULL DEFAULT 0,
  `topNews` tinyint(1) NOT NULL DEFAULT 0,
  `confirm` tinyint(4) NOT NULL DEFAULT 0,
  `created_at` timestamp NULL DEFAULT NULL,
  `updated_at` timestamp NULL DEFAULT NULL,
  `rtl` bit(1) NOT NULL DEFAULT b'1',
  `server` tinyint(1) NOT NULL DEFAULT 1
) ENGINE=InnoDB DEFAULT CHARSET=utf8mb4 COLLATE=utf8mb4_unicode_ci;

--
-- Dumping data for table `news`
--

INSERT INTO `news` (`id`, `userId`, `title`, `slug`, `pic`, `video`, `videoServer`, `text`, `release`, `dateAndTime`, `meta`, `keyword`, `seoTitle`, `seen`, `topNews`, `confirm`, `created_at`, `updated_at`, `rtl`, `server`) VALUES
(2, 1, 'اولویت‌های بانک گردشگری در دهه آینده', 'بانک_گردشگری', '1611570881-mainPic.jpg', NULL, 0, '1', '<p>بانک گردشگری نخست', '1399-01-01 20:30:10', '1399/11/06 15:36', 'مدیرعامل بانک گردشگری در آیین آغاز دومین دهه فعالیت این بانک اعلام کرد: توسعه بانکداری الکترونیک و بانکداری دیجیتال، محوری‌ترین برنامه بانک گردشگری می‌باشد.', 'بانک گردشگری', 0, 0, 1, '0000-00-00 00:00:00', '2021-01-25 07:04:40', b'1', 0),
(3, 1, '10 بهمن، جشن سده رویدادی بزرگ و باستانی، برای بزرگداشت عناصر آتش و آب', 'جشن_سده', '1611570940-mainPic.jpg', NULL, 0, '1', '<p>در ایران باستان ج', '1399-01-01 20:30:10', '1399/11/06 14:12', 'در ایران باستان جشن‌های گوناگونی وجود دارد که یکی از این جشن‌ها، جشن سده می‌باشد. این جشن برای زرتشتیان اهمیت خاصی دارد زیرا در آئین زرتشتی آتش مقدس بوده', 'جشن سده', 10, 0, 1, '0000-00-00 00:00:00', '2021-01-25 07:05:40', b'1', 0),
(4, 1, 'افتتاح موزه سنگ در شهرستان اهر، شهر ملی ورنی، به مناسبت دهه فجر', 'شهرستان_اهر', '1611576120-mainPic.jpg', NULL, 0, '1', '<p>رسول خدابخش، فرما', '1399-01-01 20:30:10', '1399/11/06 15:37', 'رسول خدابخش، فرماندار شهرستان اهر در همایشی که به منظور تجلیل از شهروندان، مسئولان و هنرمندان شهرستان اهر برقرار شده بود، از مدیر کل، کلیه مسئولان و', 'شهرستان اهر', 0, 0, 1, '0000-00-00 00:00:00', '2021-01-25 08:31:59', b'1', 0),
(5, 1, 'شهر یزد به‌عنوان مقصد ایمن گردشگری انتخاب شد', 'شهر_یزد', '1611577126-mainPic.jpg', NULL, 0, '1', '<p>صبح روز گذشته، گو', '1399-01-01 20:30:10', '1399/11/06 12:14', 'صبح روز گذشته، گواهینامه چهارستاره به محمدعلی طالبی استاندار شهر یزد توسط علی‌اصغر مونسان داده شد. این گواهی به‌منظور اجرای دستورالعمل اعتبار سنجی', 'شهر یزد', 0, 0, 1, '0000-00-00 00:00:00', '2021-01-25 08:48:45', b'1', 0),
(6, 1, 'میکامال کیش، نگین درخشنده در بین 10 مرکز خرید خاورمیانه و شمال آفریقا', 'میکامال_کیش', '1611577708-mainPic.jpg', NULL, 0, '1', '<p style=\"margin-rig', '1399-01-01 20:30:10', '1399/11/06 15:58', 'همانطور که می دانید مرکز تجاری تفریحی میکامال کیش آخرین مراحل ساخت خود را سپری می کند. انجمن مراکز خرید خاورمیانه و شمال آفریقا در سال 2020', 'میکامال کیش', 0, 0, 1, '0000-00-00 00:00:00', '2021-01-25 08:58:27', b'1', 0),
(7, 1, 'معبد خورهه، ستون هایی به سوی خورشید', 'معبد_خورهه', '1611581184-mainPic.jpg', NULL, 0, '1', '<p>وزیر میراث فرهنگی', '1399-01-01 20:30:10', '1399/11/06 17:08', 'منطقه باستانی خورهه یا همان معبد خورهه در استان مرکزی، شمال شرقی شهرستان محلات، روستای خورهه قرار دارد. محوطه تاریخی خورهه بسیار آسیب‌دیده', 'معبد خورهه', 0, 0, 1, '0000-00-00 00:00:00', '2021-01-25 09:56:24', b'1', 0),
(8, 1, 'محدودیت های کرونایی: تور کیش و قشم در نوروز 1400 ممنوع', 'محدودیت_های_کرونایی', '1611994052-mainPic.jpg', NULL, 0, '1', '<p>فریدون همتی استان', '1399-01-01 20:30:10', '1399/11/11 11:37', 'فریدون همتی استاندار هرمزگان در رابطه با محدودیت های کرونایی هرمزگان اعلام کرد: از این هفته تا پایان اردیبهشت 1400 محدودیت‌های شدید تردد برای', 'محدودیت های کرونایی', 0, 0, 1, '0000-00-00 00:00:00', '2021-01-30 04:37:31', b'1', 0),
(9, 1, 'تله کابین میکامال کیش، پرچم ایران را در کوه‌های سوییس برافراشت', 'تله_کابین_میکامال_کیش', '1612007990-mainPic.jpg', NULL, 0, '1', '<p>تله‌کابین انگلبرگ', '1399-01-01 20:30:10', '1399/11/11 15:26', 'تله‌کابین انگلبرگ سوییس در اقدامی ستودنی و شگفت انگیز، به دلیل هم‌ترازی و تشابه با تله کابین میکامال کیش، پرچم ایران را به روی کابین‌های خود نصب نمود.', 'تله کابین میکامال کیش', 0, 0, 1, '0000-00-00 00:00:00', '2021-01-30 08:26:21', b'1', 0),
(10, 1, 'حمایت شرکت معدنی و صنعتی چادرملو از شرکت‌های دانش بنیان', 'شرکت_معدنی_و_صنعتی_چادرملو', '1612278728-mainPic.jpg', NULL, 0, '1', '<p>ناصر تقی زاده، مد', '1399-01-01 20:30:10', '1399/11/14 18:42', 'مدیرعامل شرکت معدنی و صنعتی چادرملو، طی نامه‌ای خطاب به استاندار یزد، دکتر طالبی، آمادگی شرکت چادرملو را در حمایت از شرکت‌های دانش‌بنیان‌ها اعلام کرد.', 'شرکت معدنی و صنعتی چادرملو', 0, 0, 1, '0000-00-00 00:00:00', '2021-02-02 11:42:07', b'1', 0),
(11, 1, 'ازدحام در پیست دیزین در اوج کرونا', 'پیست_دیزین', '1612618752-mainPic.jpg', NULL, 0, '1', '<p>با توجه به شیوع و', '1399-01-01 20:30:10', '1399/11/18 17:09', 'با توجه به شیوع ویروس کرونا که در سراسر دنیا اکثر مکان‌های تفریحی ازنظر جذب گردشگر با مشکل برخورده‌اند بااین‌وجود در پیست دیزین با ازدحام جمعیت بدون رعایت', 'پیست دیزین', 0, 0, 1, '0000-00-00 00:00:00', '2021-02-06 10:09:11', b'1', 0),
(12, 1, 'رویکرد محیط زیستی استاندار یزد در روستای ده بالا', 'روستای_ده_بالا', '1613029001-mainPic.jpg', NULL, 0, '1', '<p>هفته گذشته انتشار', '1399-01-01 20:30:10', '1399/11/23 11:06', 'جمعه گذشته و دقایقی پس از شروع پاکسازی در روستای ده بالا، استاندار یزد هم به جمع داوطلبان و دوستداران محیط زیست ملحق شد و به پاکسازی روستای ده بالا پرداخت', 'روستای ده بالا', 0, 0, 1, '0000-00-00 00:00:00', '2021-02-11 04:06:40', b'1', 0),
(13, 1, 'آکواریوم میکا مال کیش زیستگاه 6000 نوع ماهی و جانوران دوزیست', 'آکواریوم_میکا_مال_کیش', '1613063772-mainPic.jpg', NULL, 0, '1', '<p>آکواریوم <a href=', '1399-01-01 20:30:10', '1399/11/23 20:46', 'آکواریوم میکا مال کیش، یکی از جاذبه‌های کم‌نظیر جزیره کیش است که همزمان با افتتاح میکامال کیش در دسترس عموم قرار خواهد گرفت', 'آکواریوم میکا مال کیش', 0, 0, 1, '0000-00-00 00:00:00', '2021-02-11 13:46:12', b'1', 0),
(14, 1, 'نادر کشتکار مدیر عامل میکامال : بزرگترین پروژه تفریحی و تجاری کیش تابستان سال آینده افتتاح می شود', 'میکامال', '1613221068-mainPic.jpg', NULL, 0, '1', '<p>نادر کشتکار، مدیر', '1399-01-01 20:30:10', '1399/11/25 16:27', 'میکامال کیش تا امروز بزرگ‌ترین پروژه‌ تجاری و تفریحی جزیره‌ کیش است. این مجموعه با گردهم آوردن فضاهای کم‌نظیر و متنوع برای خرید و گردش و آرامش', 'میکامال', 0, 0, 1, '0000-00-00 00:00:00', '2021-02-13 09:27:47', b'1', 0),
(15, 1, 'حسین رباطی به عنوان نایب رئیس مجمع توسعه و نوآوری سازندگان کیش انتخاب شد', 'حسین_رباطی', '1614161893-mainPic.jpg', NULL, 0, '1', '<p>حسین رباطی با ایف', '1399-01-01 20:30:10', '1399/12/06 13:48', 'حسین رباطی با پروژه‌های از قبیل مرکز تجاری کیش، برج‌های طلایی کیش، مجمع توسعه و نوآوری سازندگان کیش به عنوان نایب رئیس مجتمع توسعه و نوآوری سازندگان', 'حسین رباطی', 0, 0, 1, '0000-00-00 00:00:00', '2021-02-24 06:48:13', b'1', 0),
(16, 1, 'علیرضا نوری سرمایه گذار بازار مریم، بولینگ مریم و هتل سورینت مریم در کیش', 'علیرضا_نوری', '1614421416-mainPic.jpg', NULL, 0, '1', '<p>مجمع توسعه و نوآو', '1399-01-01 20:30:10', '1399/12/09 13:53', 'مجمع توسعه و نوآوری سازندگان کیش توسط علیرضا نوری و 14 نفر از سرمایه‌گذاران وزین جزیره زیبای کیش تأسیس شد. این مجمع به شماره 319 در تاریخ 16/7/1399', 'علیرضا نوری', 0, 0, 1, '0000-00-00 00:00:00', '2021-02-27 06:53:36', b'1', 0),
(17, 1, 'ابوالفضل ملک لو مدیر عامل شرکت کیش سازان و مرکز تجاری کیش', 'ابوالفضل_ملک_لو', '1614511054-mainPic.jpg', NULL, 0, '1', '<p>ابوالفضل ملک لو م', '1399-01-01 20:30:10', '1399/12/10 14:47', 'مجمع توسعه و نوآوری سازندگان کیش توسط مهندس ابوالفضل ملک لو ، مدیرعامل و رئیس هیئت‌ مدیره شرکت کیش سازان، رئیس هیئت ‌مدیره شرکت فن آوری اوج اندیشه کیش', 'ابوالفضل ملک لو', 0, 0, 1, '0000-00-00 00:00:00', '2021-02-28 07:47:34', b'1', 0),
(19, 1, 'برگزیده شدن رؤسای شش شعبه بانک گردشگری در یازدهمین گردهمایی رؤسای موفق بانک های کشور', 'یازدهمین_گردهمایی_رؤسای_موفق', '1614675962-mainPic.jpg', NULL, 0, '1', '<p style=\"margin-rig', '1399-01-01 20:30:10', '1399/12/12 12:36', 'در یازدهمین گردهمایی رؤسای موفق شعب بانک‌های کشور با موضوع مدیریت شعب در دوران اشاعه ویروس کرونا، روسای شش شعبه بانک گردشگری', 'یازدهمین گردهمایی رؤسای موفق', 0, 0, 1, '0000-00-00 00:00:00', '2021-03-02 05:36:02', b'1', 0),
(21, 1, 'محمد احمدپور سرمایه گذار و مدیرعامل پروژه دهکده ساحلی خلیج فارس در کیش', 'محمد_احمدپور', '1614770458-mainPic.jpg', NULL, 0, '1', '<p>محمد احمدپور یکی ', '1399-01-01 20:30:10', '1399/12/13 14:50', 'محمد احمدپور یکی از سرمایه‌گذاران و کارآفرینان کیش است.  پروژه دهکده ساحلی از سال 1396 به ایشان واگذار شد و در سال 82 کلنگ احداث این پروژه 215 متری', 'محمد احمدپور', 0, 0, 1, '0000-00-00 00:00:00', '2021-03-03 07:50:58', b'1', 0),
(22, 1, '80 درصد طراحی کارخانه های فولاد توسط مهندسان داخلی شرکت گسترش صنایع و معادن ماهان انجام می‌شود', 'کارخانه_های_فولاد', '1615026225-mainPic.jpg', NULL, 0, '1', '<p>مدیرعامل شرکت گست', '1399-01-01 20:30:10', '1399/12/16 13:53', 'مدیرعامل شرکت گسترش صنایع و معادن ماهان اعلام کرد: در حال حاضر در بخشی مهندسی، 80 درصد کارخانه های فولاد توسط متخصصان و مهندسان داخلی طراحی می‌گردد', 'کارخانه های فولاد', 0, 0, 1, '0000-00-00 00:00:00', '2021-03-06 06:53:45', b'1', 0),
(23, 1, 'نصراله حاتمی رئیس هیئت‌مدیره شرکت سرمایه‌گذاری برج‌های ساحلی پرشین کیش', 'نصراله_حاتمی', '1615029832-mainPic.jpg', NULL, 0, '1', '<p>نصراله حاتمی از س', '1399-01-01 20:30:10', '1399/12/16 14:53', 'مجمع توسعه و نوآوری سازندگان کیش نیز  توسط نصراله حاتمی و 14 نفر از سرمایه‌گذاران وزین جزیره زیبای کیش تأسیس شد. نصراله حاتمی از سرمایه‌گذاران', 'نصراله حاتمی', 0, 0, 1, '0000-00-00 00:00:00', '2021-03-06 07:53:51', b'1', 0),
(26, 1, 'شرکت احیا استیل فولاد بافت به ‌عنوان یکی از صد سازمان برتر در دومین جشنواره ملی 100 واحد مشتری مدار انتخاب شد', 'شرکت_احیا_استیل_فولاد_بافت', '1615122086-mainPic.jpg', NULL, 0, '1', '<p>شرکت احیا استیل ف', '1399-01-01 20:30:10', '1399/12/17 16:31', 'شرکت احیا استیل فولاد بافت بر اساس رأی هیات داوران به‌عنوان یکی از 100 سازمان برتر در دومین جشواره ملی 100 واحد مشتری مدار انتخاب', 'شرکت احیا استیل فولاد بافت', 0, 0, 1, '0000-00-00 00:00:00', '2021-03-07 09:31:26', b'1', 0),
(27, 1, 'نادر کشتکار مدیرعامل میکامال به ‌عنوان رئیس مجمع توسعه و نوآوری سازندگان کیش انتخاب شد', 'نادر_کشتکار', '1615368888-mainPic.jpg', NULL, 0, '1', '<p>نادر کشتکار مدیرع', '1399-01-01 20:30:10', '1399/12/20 13:04', 'نادر کشتکار مدیرعامل میکامال در تاریخ ۱۳۹۹/۴/۱۶ به‌عنوان رئیس مجمع توسعه و نوآوری سازندگان کیش انتخاب شد. این مجمع توسط نادر کشتکار و چهارده نفر', 'نادر کشتکار', 0, 0, 1, '0000-00-00 00:00:00', '2021-03-10 06:04:48', b'1', 0),
(28, 1, 'مجمع توسعه و نوآوری سازندگان کیش توسط چهارده نفر از سرمایه‌گذاران تأسیس شد', 'مجمع_توسعه_و_نوآوری_سازندگان_کیش', '1615381508-mainPic.jpg', NULL, 0, '1', '<p>مجمع توسعه و نوآو', '1399-01-01 20:30:10', '1399/12/20 16:35', 'مجمع توسعه و نوآوری سازندگان کیش توسط چهارده نفر از سرمایه‌گذاران جزیره کیش تأسیس شد و به شماره ۳۱۹ در تاریخ ۱۳۹۹/۷/۱۶ به ثبت رسید.', 'مجمع توسعه و نوآوری سازندگان کیش', 0, 0, 1, '0000-00-00 00:00:00', '2021-03-10 09:35:08', b'1', 0),
(29, 1, 'بازدید مشاور رئیس جمهور و دبیر شورایعالی مناطق آزاد از تله کابین میکامال کیش', 'تله_کابین_میکامال', '1615704366-mainPic.jpg', NULL, 0, '1', '<p>حمیدرضا مومنی، مش', '1399-01-01 20:30:10', '1399/12/24 10:16', 'حمیدرضا مومنی، مشاور رئیس جمهور به همراه جعفر آهنگران، سرپرست منطقه آزاد کیش از ایستگاه تله کابین میکامال کیش که روزهای آخر آماده سازی خود را طی می‌کند', 'تله کابین میکامال', 0, 0, 1, '0000-00-00 00:00:00', '2021-03-14 03:16:06', b'1', 0),
(30, 1, 'اولین نشست مجمع توسعه و نوآوری سازندگان کیش در سال۱۴۰۰ با رویکرد مانع زدایی در جزیره کیش', 'مجمع_توسعه_و_نوآوری_سازندگان', '1617797474-mainPic.jpg', NULL, 0, '1', '<p>اولین نشست <a hre', '1399-01-01 20:30:10', '1400/01/18 16:41', 'اولین نشست مجمع توسعه و نوآوری سازندگان کیش در سال۱۴۰۰ با رویکرد مانع زدایی در این جزیره با حضور سرپرست سازمان منطقه آزاد کیش', 'مجمع توسعه و نوآوری سازندگان', 0, 0, 1, '0000-00-00 00:00:00', '2021-04-07 08:41:14', b'1', 0),
(34, 1, 'مهدی جهانگیری، رئیس گروه مالی گردشگری: اشتغال پایدار برای جوانان، دغدغه اصلی ماست', 'مهدی_جهانگیری_رئیس_گروه_مالی_گردشگری_اشتغال_پایدار_برای_جوانان_دغدغه_اصلی_ماست', '1698233579_6565.jpg', NULL, 0, '1', '<h3 style=\"margin-ri', '1399-01-01 20:30:10', '1402/08/03 15:02', 'مهدی جهانگیری، رئیس گروه مالی گردشگری، حضور بخش خصوصی توانمند در اجرای طرح ها، اشتغال زایی، کارآفرینی و مسئولیت اجتماعی هلدینگ های فولاد بافت و احیا', 'مهدی جهانگیری', 0, 0, 1, '0000-00-00 00:00:00', '2023-10-25 08:02:59', b'1', 0),
(35, 1, 'نخستین کارگاه آموزشی مبارزه با پولشویی با حضور مهدی جهانگیری مدیر گروه مالی گردشگری برگزار شد.', 'مهدی_جهانگیری_مدیر_گروه_مالی_نخستین_کارگاه_آموزشی_مبارزه_با_پولشویی_را_برگزار_کرد', '1698235886_3403.png', NULL, 0, '1', '<h3 style=\"margin-ri', '1399-01-01 20:30:10', '1402/08/03 15:41', 'مهدی جهانگیری مدیر گروه مالی، در راستای ایفای مسئولیت‌های اجتماعی خود، نخستین کارگاه مبارزه با پولشویی را با حضور معاون وزیر اقتصاد برگزار کرد.', 'مهدی جهانگیری مدیر گروه مالی', 0, 0, 1, '0000-00-00 00:00:00', '2023-10-25 08:41:26', b'1', 0),
(36, 1, 'First Anti-Money Laundering Training Workshop Held with the Participation of mehdi jahangiri, Manager of Tourism and Financial Group', 'First_Anti-Money_Laundering_Training_Workshop_Held_with_the_Participation_of_mehdi_jahangiri,_Manager_of_Tourism_and_Financial_Group', '1698237837_8711.jpeg', NULL, 0, '1', '<h3 style=\"margin-ri', '1399-01-01 20:30:10', '1402/08/03 16:14', 'In this workshop, mehdi jahangiri, referring to the importance of combating money laundering and terrorist financing in economic health,', 'mehdi jahangiri', 0, 0, 1, '0000-00-00 00:00:00', '2023-10-25 09:13:57', b'1', 0),
(37, 1, 'مهدی جهانگیری رئیس گروه مالی گردشگری: مجتمع فولاد بافت باید به قطب صنعتی تبدیل شود', 'مهدی_جهانگیری_رئیس_گروه_مالی_گردشگری_مجتمع_فولاد_بافت_باید_به_قطب_صنعتی_تبدیل_شود', '1698244001_6138.jpg', NULL, 0, '1', '<h3>مهدی جهانگیری رئ', '1399-01-01 20:30:10', '1402/08/04 14:00', 'مهدی جهانگیری رئیس گروه مالی گردشگری، از کارخانه احیاء استیل فولاد بافت در استان کرمان بازدید کرد. وی خواستار تبدیل آن به یک قطب صنعتی در کشور شد.', 'مهدی جهانگیری رئیس گروه مالی گردشگری', 0, 0, 1, '0000-00-00 00:00:00', '2023-10-25 10:56:41', b'1', 0),
(38, 1, 'مهدی جهانگیری رئیس گروه مالی: هشت شرکت زیرمجموعه به زودی وارد بورس می شوند', 'مهدی_جهانگیری_رئیس_گروه_مالیهشت_شرکت_زیرمجموعه_گروه_مالی_گردشگری_به_زودی_وارد_بورس_می_شوند', '1698245909_1386.jpg', NULL, 0, '1', '<h3>مهدی جهانگیری رئ', '1399-01-01 20:30:10', '1402/08/05 14:00', 'مهدی جهانگیری رئیس گروه مالی، در جلسه مجمع عمومی عادی به طور فوق العاده بانک گردشگری، اعلام کرد که 8 شرکت زیرمجموعه این گروه به زودی وارد بورس می شوند.', 'مهدی جهانگیری رئیس گروه مالی', 0, 0, 1, '0000-00-00 00:00:00', '2023-10-25 11:28:29', b'1', 0),
(39, 1, 'مهدی جهانگیری مدیر گروه مالی گردشگری: اشتغال پایدار برای جوانان، دغدغه اصلی ماست', 'مهدی_جهانگیری_مدیر_گروه_مالی_گردشگری_اشتغال_پایدار_برای_جوانان،_دغدغه_اصلی_ماست', '1698306920_1931.png', NULL, 0, '1', '<h3 style=\"margin-ri', '1399-01-01 20:30:10', '1402/08/06 14:00', 'مهدی جهانگیری مدیر گروه مالی گردشگری، اعلام کرد که این گروه در یک دوره ده ساله برای بیش از ده هزار نفر از جوانان کشور اشتغال پایدار ایجاد کرده است.', 'مهدی جهانگیری مدیر گروه مالی گردشگری', 0, 0, 1, '0000-00-00 00:00:00', '2023-10-26 04:25:20', b'1', 0),
(40, 1, 'مهدی جهانگیری مدیر گروه مالی گردشگری، سرمایه گذار در استارتاپ‌های فناورانه', 'مهدی_جهانگیری_مدیر_گروه_مالی_گردشگری،_سرمایه_گذار_در_استارتاپ‌های_فناورانه', '1698484108_3533.jpg', NULL, 0, '1', '<h3>مهدی جهانگیری مد', '1399-01-01 20:30:10', '1402/08/07 14:00', 'مهدی جهانگیری مدیر گروه مالی گردشگری، با سرمایه گذاری در استارتاپ‌های فناورانه، نقش مهمی در توسعه اکوسیستم استارتاپی کشور ایفا می‌کند.', 'مهدی جهانگیری مدیر گروه', 0, 0, 1, '0000-00-00 00:00:00', '2023-10-28 05:38:27', b'1', 0),
(47, 2, 'title1', 'slug', '1698603719_7575.jpg', NULL, 2, '<p>fwefewfw</p><figure class=\"image\"><img src=\"http://mynews.com/assets/news/47/1698604186_2466.jpg\"></figure><p>fewfewfwfew</p>', 'future', '1402-08-07 21:45:00', 'meta', 'key1', 'title', 0, 0, 1, '2023-10-29 14:51:59', '2023-10-29 15:00:23', b'1', 2);

-- --------------------------------------------------------

--
-- Table structure for table `news_categories`
--

CREATE TABLE `news_categories` (
  `id` bigint(20) UNSIGNED NOT NULL,
  `name` varchar(255) NOT NULL,
  `parentId` int(10) UNSIGNED NOT NULL DEFAULT 0,
  `icon` varchar(50) DEFAULT NULL
) ENGINE=InnoDB DEFAULT CHARSET=utf8mb4 COLLATE=utf8mb4_unicode_ci;

--
-- Dumping data for table `news_categories`
--

INSERT INTO `news_categories` (`id`, `name`, `parentId`, `icon`) VALUES
(1, 'گردشگری', 0, 'torism.svg'),
(2, 'صنایع دستی', 0, 'handicrafts.svg'),
(3, 'اقتصادی', 0, 'economy.svg'),
(4, 'میراث فرهنگی', 0, 'Heritage.svg'),
(5, 'اکوسیستم استارتاپی', 0, 'ecosystem.svg'),
(6, 'استان ها\r\n', 0, 'states.svg');

-- --------------------------------------------------------

--
-- Table structure for table `news_category_relations`
--

CREATE TABLE `news_category_relations` (
  `id` bigint(20) UNSIGNED NOT NULL,
  `newsId` bigint(20) UNSIGNED NOT NULL,
  `categoryId` bigint(20) UNSIGNED NOT NULL,
  `isMain` tinyint(1) NOT NULL DEFAULT 0
) ENGINE=InnoDB DEFAULT CHARSET=utf8mb4 COLLATE=utf8mb4_unicode_ci;

--
-- Dumping data for table `news_category_relations`
--

INSERT INTO `news_category_relations` (`id`, `newsId`, `categoryId`, `isMain`) VALUES
(1, 2, 1, 0),
(2, 2, 3, 1),
(3, 3, 1, 1),
(4, 3, 4, 0),
(5, 4, 2, 1),
(6, 4, 6, 0),
(7, 4, 4, 0),
(8, 5, 1, 0),
(9, 5, 6, 1),
(10, 6, 1, 1),
(11, 6, 6, 0),
(12, 6, 3, 0),
(13, 7, 1, 0),
(14, 7, 4, 1),
(15, 8, 1, 0),
(16, 8, 6, 1),
(17, 9, 1, 1),
(18, 9, 6, 0),
(19, 10, 6, 1),
(20, 10, 5, 0),
(21, 11, 1, 1),
(22, 12, 6, 1),
(23, 12, 1, 0),
(24, 13, 1, 1),
(25, 13, 6, 0),
(26, 14, 1, 1),
(27, 14, 6, 0),
(28, 15, 1, 1),
(29, 15, 6, 0),
(30, 16, 1, 1),
(31, 16, 6, 0),
(32, 17, 1, 1),
(33, 17, 6, 0),
(36, 19, 1, 1),
(37, 19, 3, 0),
(40, 21, 1, 1),
(41, 21, 6, 0),
(42, 22, 3, 1),
(43, 23, 1, 1),
(44, 23, 6, 0),
(49, 26, 3, 1),
(50, 27, 1, 1),
(51, 27, 6, 0),
(52, 28, 1, 1),
(53, 28, 3, 0),
(54, 29, 1, 1),
(55, 29, 6, 0),
(56, 30, 3, 0),
(57, 30, 1, 0),
(58, 30, 6, 1),
(59, 33, 1, 1),
(60, 33, 4, 0),
(61, 34, 3, 1),
(62, 35, 3, 1),
(63, 36, 3, 1),
(64, 37, 3, 1),
(65, 38, 3, 1),
(66, 39, 3, 1),
(67, 40, 3, 1),
(77, 47, 2, 1);

-- --------------------------------------------------------

--
-- Table structure for table `news_limbo_pics`
--

CREATE TABLE `news_limbo_pics` (
  `id` bigint(20) UNSIGNED NOT NULL,
  `userId` bigint(20) UNSIGNED NOT NULL,
  `code` varchar(255) NOT NULL,
  `pic` varchar(255) NOT NULL,
  `server` tinyint(1) NOT NULL DEFAULT 1,
  `created_at` timestamp NULL DEFAULT NULL,
  `updated_at` timestamp NULL DEFAULT NULL
) ENGINE=InnoDB DEFAULT CHARSET=utf8mb4 COLLATE=utf8mb4_unicode_ci;

--
-- Dumping data for table `news_limbo_pics`
--

INSERT INTO `news_limbo_pics` (`id`, `userId`, `code`, `pic`, `server`, `created_at`, `updated_at`) VALUES
(2, 2, '26903', '1698602498_3940.jpg', 2, '2023-10-29 14:31:38', '2023-10-29 14:31:38');

-- --------------------------------------------------------

--
-- Table structure for table `news_tags`
--

CREATE TABLE `news_tags` (
  `id` bigint(20) UNSIGNED NOT NULL,
  `tag` varchar(255) NOT NULL
) ENGINE=InnoDB DEFAULT CHARSET=utf8mb4 COLLATE=utf8mb4_unicode_ci;

--
-- Dumping data for table `news_tags`
--

INSERT INTO `news_tags` (`id`, `tag`) VALUES
(1, 'بانک گردشگری'),
(2, 'بانک گردشگری شعب'),
(3, 'مرتضی خامی'),
(4, 'میکامال کیش'),
(5, 'تاریخچه بانک گردشگری'),
(6, '5 بانک برتر'),
(7, 'بانک های خصوصی'),
(8, 'مشتریان بانک گردشگری'),
(9, 'صنعت گردشگری'),
(10, 'سازمان جهانی گردشگری'),
(11, 'اخبار صنعت گردشگری جهان'),
(12, 'اولویت‌های بانک گردشگری در دهه آینده'),
(13, 'کارونسرای وکیل کرمان'),
(14, 'پروژه‌های سرمایه‌گذاری شده بانک گردشگری'),
(15, 'جشن سده'),
(16, 'حشن سده در ایران'),
(17, 'جشن سده در یزد'),
(18, 'جشن سده در قاسم آباد'),
(19, 'جشن سده زرتشتیان'),
(20, 'پیشینه جشن سده'),
(21, 'آداب و نحوه برگزاری جشن سده'),
(22, 'جشن های ایرانیان باستان'),
(23, 'جشن آتش'),
(24, 'جشن دهم بهمن ماه'),
(25, 'ده بهمن در آیین باستانی'),
(26, 'صدمین روز زمستان'),
(27, 'شهرستان اهر'),
(28, 'آذربایجان شرقی'),
(29, 'شهر ملی ورنی'),
(30, 'گردشگری کشاورزی در اهر'),
(31, 'مجتمع آبدرمانی یل سوئی اهر'),
(32, 'بقعه شیخ شهاب الدین اهری'),
(33, 'دیدنی های اهر'),
(34, 'جاذبه های اهر'),
(35, 'دیدنی های آذربایجان شرقی'),
(36, 'جاذبه های آذربایجان شرقی'),
(37, 'موزه سنگ اهر'),
(38, 'جاذبه های آذرباییجان'),
(39, 'دیدنی های آذربایجان'),
(40, 'پارک دکتر قاسم خان اهری'),
(41, 'عمارت تاریخی شهرداری اهر'),
(42, 'خانه ورنی اهر'),
(43, 'مقصد ایمن گردشگری'),
(44, 'یزد مقصد ایمن گردشگری'),
(45, 'مثلث طلایی گردشگری مرکز ایران'),
(46, 'گواهینامه چهارستاره'),
(47, 'وحشی بافقی'),
(48, 'محمد علی طالبی'),
(49, 'اماکن گردشگری هرمزگان'),
(50, 'استان هرمزگان'),
(51, 'دیدنی های کیش'),
(52, 'جاذبه های کیش'),
(53, 'جزیره کیش'),
(54, 'جزیره کیش هرمزگان'),
(55, 'کیش تور'),
(56, 'جاهای باحال کیش'),
(57, 'مراکز خرید خاورمیانه'),
(58, 'شمال آفریقا'),
(59, 'میکامال'),
(60, 'سیتی مال جده'),
(61, 'کشور عربستان'),
(62, 'ابوظبی'),
(63, 'امارات متحده عربی'),
(64, 'کویت'),
(65, 'دوبی'),
(66, 'محرق بحرین'),
(67, 'نیجریه'),
(68, 'اسلام آباد'),
(69, 'پاکستان'),
(70, 'پنگوئن های کیش'),
(71, 'تله کابین کیش'),
(72, 'آکواریوم کیش'),
(73, 'جنگل های بارانی کیش'),
(74, 'معبد خورهه'),
(75, 'ستون‌هایی به‌سوی خورشید'),
(76, 'خورهه در اوستا'),
(77, 'معبد خورهه در استان مرکزی'),
(78, 'معبد خورهه در شهرستان محلات'),
(79, 'معبد خورهه در روستای خورهه'),
(80, 'میراث فرهنگی'),
(81, 'کرونا در ایران'),
(82, 'کرونا در هرمزگان'),
(83, 'محدودیت های کرونایی'),
(84, 'تور کیش'),
(85, 'تور قشم'),
(86, 'فاصله گذاری اجتماعی'),
(87, 'استاندار هرمزگان'),
(88, 'تور کیش 1400'),
(89, 'تور قشم 1400'),
(90, 'نوروز 1400'),
(91, 'میکامال در کیش'),
(92, 'تله کابین میکامال کیش'),
(93, 'تله کابین سوییسی'),
(94, 'سفارت سوییس در ایران'),
(95, 'مالک میکا مال کیش'),
(96, 'زمان افتتاح میکا مال کیش'),
(97, 'پیش فروش میکامال کیش'),
(98, 'سرمایه گذاری و انبوه سازی پارس میکا کیش'),
(99, 'کوه‌های تیتلیس سوییس'),
(100, 'انگلبرگ در سوییس'),
(101, 'شرکت پورش دیزاین در کیش'),
(102, 'استودیوی طراحی پورشه'),
(103, 'صنایع دستی کیش'),
(104, 'طبیعت گردی کیش'),
(105, 'شرکت معدنی و صنعتی چادرملو'),
(106, 'ناصر تقی زاده'),
(107, 'مدیرعامل شرکت معدنی و صنعتی چادرملو'),
(108, 'استاندار یزد'),
(109, 'دکتر طالبی'),
(110, 'شرکت‌های دانش‌بنیان'),
(111, 'پارک علم و فناوری یزد'),
(112, 'حمایت از دانش بنیان ها'),
(113, 'شرکت های دانش بنیان یزد'),
(114, 'شرکت چادرملو'),
(115, 'مدیریت شرکت چادرملو'),
(116, 'کارخانه گندله سازی چادرملو'),
(117, 'کارخانه نومرد سرمد ابرکوه'),
(118, 'پیست دیزین '),
(119, 'کرونا'),
(120, 'مکان تفریحی تهران '),
(121, 'پیست اسکی '),
(122, 'پیست دیزین کجاست'),
(123, 'ازدحام در پیست دیزین'),
(124, 'ازدحام در اوج کرونا'),
(125, 'کرونا ویروس'),
(126, '	پیست دیزین امروز'),
(127, 'پیست دیزین تهران'),
(128, 'روستای ده بالا'),
(129, 'رودخانه ده بالا'),
(130, 'اقدامات محیط زیستی'),
(131, 'محیط زیست'),
(132, 'پاکسازی محیط زیست'),
(133, 'جمع آوری زباله'),
(134, 'ییلاقات ایران'),
(135, 'ییلاقات مناطق گرم'),
(136, 'جاذبه های یزد'),
(137, 'دیدنی های یزد'),
(138, 'جاذبه های طبیعی یزد'),
(139, 'طبیعت یزد'),
(140, 'طبیعت ده بالا'),
(141, 'دیدنی های تفت'),
(142, 'جاذبه های تفت'),
(143, 'استانداری یزد'),
(144, 'استانداری استان یزد'),
(145, 'آکواریوم میکامال کیش'),
(146, 'کروکدیل در کیش'),
(147, 'کوسه در کیش'),
(148, 'غواصی در کیش'),
(149, 'پاتیناژ کیش'),
(150, 'پاتیناژ میکامال کیش'),
(151, 'تونل باد میکامال کیش'),
(152, 'جنگل بارانی میکامال کیش'),
(153, 'حسین رباطی'),
(154, 'پروژه های حسین رباطی'),
(155, 'مرکز تجاری کیش'),
(156, 'برج‌های طلایی کیش'),
(157, 'مجمع توسعه و نوآوری سازندگان کیش'),
(158, 'نایب رئیس مجتمع توسعه و نوآوری سازندگان کیش'),
(159, 'رونق کارآفرینی'),
(160, 'جزیره زیبای کیش'),
(161, 'بازارهای کیش'),
(162, 'مراکز خرید کیش'),
(163, 'مراکز تجاری کیش'),
(164, 'بزرگ ترین بازار کیش'),
(165, 'بازار مرکز تجاری در کیش'),
(166, 'بازار مرکز تجاری در جزیره کیش'),
(167, 'گردشگری'),
(168, 'مالک برج طلایی کیش'),
(169, 'مالک برج های طلایی کیش'),
(170, 'برج های طلایی در کیش'),
(171, 'حسین رباطی به عنوان نایب رئیس مجمع توسعه و نوآوری سازندگان کیش'),
(172, 'حسین رباطی نایب رئیس حسین رباطی نایب رئیس مجمع توسعه و نوآوری سازندگان کیش'),
(173, 'علیرضا نوری'),
(174, 'بازار مریم کیش '),
(175, 'هیئت ‌مدیره مریم کیش'),
(176, 'بولینگ مریم'),
(177, 'بازار مریم'),
(178, 'جاهای دیدنی کیش'),
(179, 'بازار مریم در جزیره کیش'),
(180, 'کیش'),
(181, 'ابوالفضل ملک لو '),
(182, 'ملک لو'),
(183, 'شرکت کیش سازان'),
(184, 'شرکت فن آوری اوج اندیشه کیش'),
(185, 'شرکت کیش سریر'),
(186, 'مهندس ملک لو'),
(187, 'هیئت‌ مدیره شرکت کیش سازان'),
(188, ' بانک گردشگری'),
(189, 'بانک گردشگری تهران'),
(190, 'محمد احمدپور'),
(191, 'سرمایه‌گذاران کیش'),
(192, 'کارآفرینان کیش'),
(193, ' مجمع توسعه و نوآوری سازندگان کیش'),
(194, 'مهندس محمد احمدپور'),
(195, 'کارآفرینی'),
(196, 'پروژه دهکده ساحلی'),
(197, 'سرمایه‌گذاری تجار خلیج ‌فارس کیش'),
(198, 'خیریه بهشت سبلان'),
(199, 'آریا پندار کیش'),
(200, 'سهامی تجار کیش'),
(201, 'آریا پندار آترا'),
(202, '	دهکده ساحلی کیش'),
(203, '	دهکده ساحلی کیش کجاست'),
(204, 'برج های دهکده ساحلی کیش'),
(205, 'پروژه دهكده ساحلي كيش'),
(206, 'دهكده ساحلي خليج فارس كيش'),
(207, 'مدیرعامل شرکت گسترش صنایع و معادن ماهان'),
(208, 'شرکت گسترش صنایع و معادن ماهان (سهامی عام)'),
(209, 'طراحی کارخانه‌های فولاد'),
(210, 'محمدحسین بصیری'),
(211, 'تحریم صنعت فولاد'),
(212, 'شرکت توسعه فناوری صنایع و معادن ماهان سیرجان'),
(213, 'شرکت احیا استیل فولاد بافت'),
(214, 'مجتمع فولاد صنعت بناب'),
(215, 'هلدینگ ماهان'),
(216, 'کارخانه فولاد بافت'),
(217, 'هوش تجاری (BI)'),
(218, 'برج های ساحلی پرشین کیش'),
(219, 'آنای کیش'),
(220, 'نصراله حاتمی'),
(221, 'رئیس هیئت مدیره برج های ساحلی پرشین'),
(222, 'رئیس هیئت مدیره برج های ساحلی پرشین کیش'),
(223, 'برج ساحلی پرشین کیش'),
(224, 'پارس لیزینگ'),
(225, 'سید علی سیدی'),
(226, 'بازار شارستان'),
(227, 'جاهای دیدنی کیش با عکس'),
(228, 'مسافرت'),
(229, 'آب و هوای کیش'),
(230, 'سواحل کیش'),
(231, 'بازار شارستان در جزیره کیش'),
(232, 'بازار شارستان کیش'),
(233, 'بازار شارستان در کیش'),
(234, 'بازار شارستان جزیره کیش'),
(235, 'عکس بازار شارستان کیش'),
(236, 'سید علی سیدی بازار شارستان'),
(237, 'شرکت یوموبوس '),
(238, 'شرکت یوموبوس کیش'),
(239, 'سید علی سیدی مدیرعامل شرکت یوموبوس'),
(240, 'یوموبوس'),
(241, 'شرکت احیا استیل فولاد'),
(242, 'مسئولیت‌ های اجتماعی'),
(243, 'مرکز همایش بین‌ المللی'),
(244, 'شرکت گسترش صنایع و معادن ماهان'),
(245, 'آهن اسفنجی'),
(246, 'شرکت‌های تولید آهن اسفنجی'),
(247, 'شرکت کمپانی لیا '),
(248, 'تجهیز بخش عفونی بیمارستان خاتم‌الانبیا (ص)'),
(249, 'بیمارستان خاتم ‌الانبیا (ص) '),
(250, 'رابر'),
(251, 'ارزوئیه'),
(252, 'زادگاه شهید حاج قاسم سلیمانی'),
(253, 'شهید حاج قاسم سلیمانی'),
(254, 'نادر کشتکار'),
(255, 'مدیرعامل میکامال '),
(256, 'رئیس مجمع توسعه و نوآوری سازندگان کیش'),
(257, 'سرمایه‌گذاران جزیره کیش '),
(258, ' انجمن مراکز خرید خاورمیانه و شمال آفریقا'),
(259, 'تله‌کابین انگلبرگ سوییس'),
(260, 'جزیره‌ی کیش '),
(261, 'آکواریوم میکا مال'),
(262, 'آکواریوم میکا مال کیش'),
(263, 'جواد سلماسی'),
(264, 'فروهل روزبهانی'),
(265, 'فرخ جباری'),
(266, 'سید مرسل جلالی'),
(267, 'حسین شیخ محمدی'),
(268, 'رضا دباغ همدانی'),
(269, 'احمد کتابفروش'),
(270, 'حمیدرضا مومنی'),
(271, 'جعفر آهنگران'),
(272, 'منطقه آزاد کیش'),
(273, 'شرکت BMF'),
(274, 'شرکت پیمانکاری نیکا توسعه کابل راه کیش'),
(275, 'شرکت پیمانکاری نیکا'),
(276, 'شرکت آراد'),
(277, 'اولین نشست مجمع توسعه و نوآوری سازندگان کیش'),
(278, 'رویکرد مانع زدایی'),
(279, 'مانع زدایی'),
(280, 'سرپرست سازمان منطقه آزاد کیش'),
(281, 'نایب رئیس فراکسیون اقتصادی مناطق آزاد'),
(282, 'رئیس  فراکسیون اقتصادی مناطق آزاد'),
(283, 'مقام معظم رهبری'),
(284, 'قرارداد ۲۵ ساله با چین'),
(285, 'معصومه پاشایی'),
(286, 'رئیس فراکسیون مناطق آزاد '),
(287, 'طهمورث قاسمی'),
(288, 'سرمایه گذار بازار مریم'),
(289, 'هتل سورینت مریم'),
(290, 'نایب رئیس مجمع توسعه و نوآوری سازندگان کیش'),
(291, 'برج‌ های ساحلی پرشین'),
(292, 'رویکرد مانع زدایی در جزیره کیش'),
(293, 'مهدی جهانگیری'),
(294, 'اشتغال زایی'),
(295, 'مسئولیت اجتماعی'),
(296, 'فولاد بافت'),
(297, 'گروه مالی گردشگری'),
(298, 'معاون وزیر اقتصاد'),
(299, 'رئیس مرکز اطلاعات مالی'),
(300, 'مبارزه با پولشویی'),
(301, 'شفاف سازی'),
(302, 'مبارزه با تامین مالی تروریسم'),
(303, 'مبارزه با تروریسم'),
(304, ' مدیر گروه مالی'),
(305, 'mehdi jahangiri'),
(306, 'mahdi jahangiri'),
(307, 'Tourism and Financial Group'),
(308, 'fight_with_money_laundering'),
(309, 'Education'),
(310, 'social responsibility'),
(311, '#private_and_government_sector_cooperation'),
(312, '#Economic_health'),
(313, 'Social Welfare'),
(314, 'tourism bank'),
(315, 'کارخانه احیاء استیل فولاد بافت'),
(316, 'مجتمع فولاد بافت'),
(317, 'سرمایه‌گذاری'),
(318, 'مهدی جهانگیری مدیر گروه مالی'),
(319, 'قطب عظیم صنعتی'),
(320, 'حمایت'),
(321, 'توسعه'),
(322, 'بورس'),
(323, 'نگین گردشگری'),
(324, 'پرستیژلند'),
(325, 'فولاد صنعت بناب'),
(326, 'مجموعه تفریحی گردشگری آیلند'),
(327, 'احیا استیل فولاد بافت'),
(328, 'هلدینگ گسترش صنایع و معادن ماهان'),
(329, 'مردمی سازی اقتصاد'),
(330, 'اشتغال پایدار'),
(331, 'مشکل بیکاری جوانان'),
(332, 'افتتاح کارخانه احیا مستقیم فولاد بافت'),
(333, 'بزرگترین دغدغه دولت‌'),
(334, 'فرصت شغلی'),
(335, 'ایجاد اشتغال'),
(336, 'استارتاپ'),
(337, 'فناورانه'),
(338, 'صندوق سرمایه گذاری جسورانه نقدینه'),
(339, 'فناوری مالی'),
(340, 'توسعه اکوسیستم استارتاپی');

-- --------------------------------------------------------

--
-- Table structure for table `news_tags_relations`
--

CREATE TABLE `news_tags_relations` (
  `id` bigint(20) UNSIGNED NOT NULL,
  `newsId` bigint(20) UNSIGNED NOT NULL,
  `tagId` bigint(20) UNSIGNED NOT NULL
) ENGINE=InnoDB DEFAULT CHARSET=utf8mb4 COLLATE=utf8mb4_unicode_ci;

--
-- Dumping data for table `news_tags_relations`
--

INSERT INTO `news_tags_relations` (`id`, `newsId`, `tagId`) VALUES
(1, 2, 1),
(2, 2, 2),
(3, 2, 3),
(4, 2, 4),
(5, 2, 5),
(6, 2, 6),
(7, 2, 7),
(8, 2, 8),
(9, 2, 9),
(10, 2, 10),
(11, 2, 11),
(12, 2, 12),
(13, 2, 13),
(14, 2, 14),
(15, 3, 15),
(16, 3, 16),
(17, 3, 17),
(18, 3, 18),
(19, 3, 19),
(20, 3, 20),
(21, 3, 21),
(22, 3, 22),
(23, 3, 23),
(24, 3, 24),
(25, 3, 25),
(26, 3, 26),
(27, 4, 27),
(28, 4, 28),
(29, 4, 29),
(30, 4, 30),
(31, 4, 31),
(32, 4, 32),
(33, 4, 33),
(34, 4, 34),
(35, 4, 35),
(36, 4, 36),
(37, 4, 37),
(38, 4, 38),
(39, 4, 39),
(40, 4, 40),
(41, 4, 41),
(42, 4, 42),
(43, 5, 43),
(44, 5, 44),
(45, 5, 45),
(46, 5, 46),
(47, 5, 47),
(48, 5, 48),
(49, 6, 49),
(50, 6, 50),
(51, 6, 51),
(52, 6, 52),
(53, 6, 53),
(54, 6, 54),
(55, 6, 55),
(56, 6, 56),
(57, 6, 57),
(58, 6, 58),
(59, 6, 59),
(60, 6, 60),
(61, 6, 61),
(62, 6, 62),
(63, 6, 63),
(64, 6, 64),
(65, 6, 65),
(66, 6, 66),
(67, 6, 67),
(68, 6, 68),
(69, 6, 4),
(70, 6, 69),
(71, 6, 70),
(72, 6, 71),
(73, 6, 72),
(74, 6, 73),
(75, 7, 74),
(76, 7, 75),
(77, 7, 76),
(78, 7, 77),
(79, 7, 78),
(80, 7, 79),
(81, 7, 80),
(82, 8, 81),
(83, 8, 82),
(84, 8, 83),
(85, 8, 84),
(86, 8, 85),
(87, 8, 86),
(88, 8, 50),
(89, 8, 87),
(90, 8, 88),
(91, 8, 89),
(92, 8, 90),
(93, 9, 91),
(94, 9, 92),
(95, 9, 93),
(96, 9, 71),
(97, 9, 94),
(98, 9, 95),
(99, 9, 96),
(100, 9, 97),
(101, 9, 98),
(102, 9, 52),
(103, 9, 51),
(104, 9, 53),
(105, 9, 54),
(106, 9, 99),
(107, 9, 100),
(108, 9, 101),
(109, 9, 102),
(110, 9, 72),
(111, 9, 103),
(112, 9, 104),
(113, 10, 105),
(114, 10, 106),
(115, 10, 107),
(116, 10, 108),
(117, 10, 109),
(118, 10, 110),
(119, 10, 111),
(120, 10, 112),
(121, 10, 113),
(122, 10, 114),
(123, 10, 115),
(124, 10, 116),
(125, 10, 117),
(126, 11, 118),
(127, 11, 119),
(128, 11, 120),
(129, 11, 121),
(130, 11, 122),
(131, 11, 123),
(132, 11, 124),
(133, 11, 125),
(134, 11, 126),
(135, 11, 127),
(136, 12, 128),
(137, 12, 129),
(138, 12, 130),
(139, 12, 131),
(140, 12, 132),
(141, 12, 133),
(142, 12, 134),
(143, 12, 135),
(144, 12, 136),
(145, 12, 137),
(146, 12, 138),
(147, 12, 139),
(148, 12, 140),
(149, 12, 141),
(150, 12, 142),
(151, 12, 143),
(152, 12, 108),
(153, 12, 144),
(154, 13, 72),
(155, 13, 145),
(156, 13, 4),
(157, 13, 92),
(158, 13, 97),
(159, 13, 95),
(160, 13, 96),
(161, 13, 98),
(162, 13, 52),
(163, 13, 51),
(164, 13, 53),
(165, 13, 54),
(166, 13, 103),
(167, 13, 104),
(168, 13, 70),
(169, 13, 146),
(170, 13, 147),
(171, 13, 148),
(172, 14, 148),
(173, 14, 72),
(174, 14, 145),
(175, 14, 92),
(176, 14, 71),
(177, 14, 4),
(178, 14, 97),
(179, 14, 95),
(180, 14, 96),
(181, 14, 98),
(182, 14, 52),
(183, 14, 51),
(184, 14, 53),
(185, 14, 54),
(186, 14, 149),
(187, 14, 150),
(188, 14, 151),
(189, 14, 152),
(190, 15, 153),
(191, 15, 154),
(192, 15, 155),
(193, 15, 156),
(194, 15, 157),
(196, 15, 159),
(197, 15, 160),
(198, 15, 53),
(199, 15, 161),
(200, 15, 162),
(201, 15, 163),
(202, 15, 164),
(203, 15, 165),
(204, 15, 166),
(205, 15, 167),
(206, 15, 168),
(207, 15, 169),
(208, 15, 170),
(209, 15, 171),
(210, 15, 172),
(211, 16, 157),
(212, 16, 173),
(213, 16, 174),
(214, 16, 175),
(215, 16, 176),
(216, 16, 177),
(217, 16, 178),
(218, 16, 52),
(219, 16, 161),
(220, 16, 159),
(221, 16, 160),
(222, 16, 53),
(223, 16, 167),
(224, 16, 179),
(225, 17, 157),
(226, 17, 180),
(227, 17, 155),
(228, 17, 161),
(229, 17, 164),
(230, 17, 165),
(231, 17, 166),
(232, 17, 181),
(233, 17, 182),
(234, 17, 183),
(235, 17, 184),
(236, 17, 185),
(237, 17, 159),
(238, 17, 186),
(239, 17, 187),
(245, 19, 1),
(246, 19, 2),
(247, 19, 3),
(248, 19, 8),
(249, 19, 9),
(250, 19, 11),
(251, 19, 189),
(252, 19, 6),
(268, 21, 190),
(269, 21, 191),
(270, 21, 192),
(271, 21, 194),
(272, 21, 160),
(273, 21, 195),
(274, 21, 159),
(275, 21, 196),
(276, 21, 53),
(277, 21, 197),
(278, 21, 198),
(279, 21, 199),
(280, 21, 200),
(281, 21, 201),
(282, 21, 202),
(283, 21, 203),
(284, 21, 204),
(285, 21, 205),
(286, 21, 206),
(287, 22, 207),
(288, 22, 208),
(289, 22, 209),
(290, 22, 210),
(291, 22, 211),
(292, 22, 212),
(293, 22, 213),
(294, 22, 214),
(295, 22, 215),
(296, 22, 216),
(297, 22, 217),
(298, 23, 218),
(299, 23, 219),
(300, 23, 220),
(301, 23, 221),
(302, 23, 222),
(303, 23, 223),
(304, 23, 224),
(305, 23, 160),
(306, 23, 53),
(307, 23, 54),
(341, 26, 213),
(342, 26, 241),
(343, 26, 242),
(344, 26, 243),
(345, 26, 244),
(346, 26, 245),
(347, 26, 246),
(348, 26, 247),
(349, 26, 248),
(350, 26, 249),
(351, 26, 250),
(352, 26, 251),
(353, 26, 252),
(354, 26, 253),
(355, 26, 215),
(356, 26, 212),
(357, 27, 254),
(358, 27, 255),
(359, 27, 256),
(360, 27, 157),
(361, 27, 257),
(362, 27, 159),
(363, 27, 258),
(364, 27, 259),
(365, 27, 260),
(366, 27, 53),
(367, 27, 92),
(368, 27, 261),
(369, 27, 262),
(370, 27, 52),
(371, 27, 152),
(372, 27, 150),
(373, 27, 149),
(374, 28, 254),
(375, 28, 153),
(376, 28, 173),
(377, 28, 181),
(378, 28, 263),
(379, 28, 225),
(380, 28, 190),
(381, 28, 220),
(382, 28, 264),
(383, 28, 265),
(384, 28, 266),
(385, 28, 267),
(386, 28, 268),
(387, 28, 269),
(388, 28, 157),
(389, 28, 256),
(390, 28, 53),
(391, 28, 159),
(392, 29, 91),
(393, 29, 92),
(394, 29, 93),
(395, 29, 71),
(396, 29, 95),
(400, 29, 52),
(401, 29, 51),
(402, 29, 53),
(403, 29, 54),
(404, 29, 101),
(405, 29, 72),
(406, 29, 104),
(407, 29, 270),
(408, 29, 271),
(409, 29, 272),
(410, 29, 273),
(411, 29, 274),
(412, 29, 275),
(413, 29, 276),
(414, 30, 153),
(415, 30, 173),
(416, 30, 263),
(417, 30, 220),
(418, 30, 157),
(419, 30, 256),
(420, 30, 53),
(421, 30, 277),
(422, 30, 278),
(423, 30, 279),
(424, 30, 280),
(425, 30, 281),
(426, 30, 282),
(427, 30, 271),
(428, 30, 272),
(429, 30, 283),
(430, 30, 284),
(431, 30, 285),
(432, 30, 286),
(433, 30, 287),
(434, 30, 288),
(435, 30, 176),
(436, 30, 289),
(437, 30, 290),
(438, 30, 291),
(439, 30, 292),
(440, 34, 293),
(441, 34, 195),
(442, 34, 294),
(443, 34, 295),
(444, 34, 296),
(445, 34, 297),
(446, 34, 213),
(447, 34, 1),
(448, 34, 12),
(449, 34, 14),
(450, 35, 297),
(451, 35, 293),
(452, 35, 298),
(453, 35, 299),
(454, 35, 300),
(455, 35, 301),
(456, 35, 302),
(457, 35, 303),
(458, 35, 304),
(459, 35, 1),
(460, 36, 305),
(461, 36, 306),
(462, 36, 307),
(463, 36, 308),
(464, 36, 309),
(465, 36, 310),
(466, 36, 311),
(467, 36, 312),
(468, 36, 313),
(469, 36, 314),
(470, 37, 293),
(471, 37, 315),
(472, 37, 316),
(473, 37, 317),
(474, 37, 297),
(475, 37, 1),
(476, 37, 318),
(477, 37, 319),
(478, 37, 320),
(479, 37, 321),
(480, 38, 293),
(481, 38, 322),
(482, 38, 297),
(483, 38, 1),
(484, 38, 4),
(485, 38, 323),
(486, 38, 324),
(487, 38, 325),
(488, 38, 326),
(489, 38, 327),
(490, 38, 328),
(491, 38, 329),
(492, 39, 293),
(493, 39, 330),
(494, 39, 331),
(495, 39, 1),
(496, 39, 297),
(497, 39, 332),
(498, 39, 333),
(499, 39, 334),
(500, 39, 335),
(501, 39, 251),
(502, 39, 250),
(503, 40, 317),
(504, 40, 293),
(505, 40, 318),
(506, 40, 1),
(507, 40, 297),
(508, 40, 336),
(509, 40, 337),
(510, 40, 338),
(511, 40, 339),
(512, 40, 340);

-- --------------------------------------------------------

--
-- Table structure for table `personal_access_tokens`
--

CREATE TABLE `personal_access_tokens` (
  `id` bigint(20) UNSIGNED NOT NULL,
  `tokenable_type` varchar(255) NOT NULL,
  `tokenable_id` bigint(20) UNSIGNED NOT NULL,
  `name` varchar(255) NOT NULL,
  `token` varchar(64) NOT NULL,
  `abilities` text DEFAULT NULL,
  `last_used_at` timestamp NULL DEFAULT NULL,
  `expires_at` timestamp NULL DEFAULT NULL,
  `created_at` timestamp NULL DEFAULT NULL,
  `updated_at` timestamp NULL DEFAULT NULL
) ENGINE=InnoDB DEFAULT CHARSET=utf8mb4 COLLATE=utf8mb4_unicode_ci;

-- --------------------------------------------------------

--
-- Table structure for table `users`
--

CREATE TABLE `users` (
  `id` bigint(20) UNSIGNED NOT NULL,
  `email` varchar(255) NOT NULL,
  `password` varchar(255) NOT NULL,
  `remember_token` varchar(100) DEFAULT NULL,
  `created_at` timestamp NULL DEFAULT NULL,
  `updated_at` timestamp NULL DEFAULT NULL
) ENGINE=InnoDB DEFAULT CHARSET=utf8mb4 COLLATE=utf8mb4_unicode_ci;

--
-- Dumping data for table `users`
--

INSERT INTO `users` (`id`, `email`, `password`, `remember_token`, `created_at`, `updated_at`) VALUES
(2, 'admin@koochita.com', '$2y$10$nxJFl43hdlTE7/S6j7tzLOd4wo/q8nwGUJ1bwwzpt89CF2Z6bNzza', 'kJFmhzAlDR', '2023-10-27 14:46:48', '2023-10-27 14:46:48');

--
-- Indexes for dumped tables
--

--
-- Indexes for table `failed_jobs`
--
ALTER TABLE `failed_jobs`
  ADD PRIMARY KEY (`id`),
  ADD UNIQUE KEY `failed_jobs_uuid_unique` (`uuid`);

--
-- Indexes for table `migrations`
--
ALTER TABLE `migrations`
  ADD PRIMARY KEY (`id`);

--
-- Indexes for table `news`
--
ALTER TABLE `news`
  ADD PRIMARY KEY (`id`);

--
-- Indexes for table `news_categories`
--
ALTER TABLE `news_categories`
  ADD PRIMARY KEY (`id`);

--
-- Indexes for table `news_category_relations`
--
ALTER TABLE `news_category_relations`
  ADD PRIMARY KEY (`id`),
  ADD KEY `newscategoryrelations_newsid_foreign` (`newsId`),
  ADD KEY `newscategoryrelations_categoryid_foreign` (`categoryId`);

--
-- Indexes for table `news_limbo_pics`
--
ALTER TABLE `news_limbo_pics`
  ADD PRIMARY KEY (`id`);

--
-- Indexes for table `news_tags`
--
ALTER TABLE `news_tags`
  ADD PRIMARY KEY (`id`);

--
-- Indexes for table `news_tags_relations`
--
ALTER TABLE `news_tags_relations`
  ADD PRIMARY KEY (`id`);

--
-- Indexes for table `personal_access_tokens`
--
ALTER TABLE `personal_access_tokens`
  ADD PRIMARY KEY (`id`),
  ADD UNIQUE KEY `personal_access_tokens_token_unique` (`token`),
  ADD KEY `personal_access_tokens_tokenable_type_tokenable_id_index` (`tokenable_type`,`tokenable_id`);

--
-- Indexes for table `users`
--
ALTER TABLE `users`
  ADD PRIMARY KEY (`id`),
  ADD UNIQUE KEY `users_email_unique` (`email`);

--
-- AUTO_INCREMENT for dumped tables
--

--
-- AUTO_INCREMENT for table `failed_jobs`
--
ALTER TABLE `failed_jobs`
  MODIFY `id` bigint(20) UNSIGNED NOT NULL AUTO_INCREMENT;

--
-- AUTO_INCREMENT for table `migrations`
--
ALTER TABLE `migrations`
  MODIFY `id` int(10) UNSIGNED NOT NULL AUTO_INCREMENT, AUTO_INCREMENT=4;

--
-- AUTO_INCREMENT for table `news`
--
ALTER TABLE `news`
  MODIFY `id` bigint(20) UNSIGNED NOT NULL AUTO_INCREMENT, AUTO_INCREMENT=48;

--
-- AUTO_INCREMENT for table `news_categories`
--
ALTER TABLE `news_categories`
  MODIFY `id` bigint(20) UNSIGNED NOT NULL AUTO_INCREMENT, AUTO_INCREMENT=7;

--
-- AUTO_INCREMENT for table `news_category_relations`
--
ALTER TABLE `news_category_relations`
  MODIFY `id` bigint(20) UNSIGNED NOT NULL AUTO_INCREMENT, AUTO_INCREMENT=78;

--
-- AUTO_INCREMENT for table `news_limbo_pics`
--
ALTER TABLE `news_limbo_pics`
  MODIFY `id` bigint(20) UNSIGNED NOT NULL AUTO_INCREMENT, AUTO_INCREMENT=3;

--
-- AUTO_INCREMENT for table `news_tags`
--
ALTER TABLE `news_tags`
  MODIFY `id` bigint(20) UNSIGNED NOT NULL AUTO_INCREMENT, AUTO_INCREMENT=341;

--
-- AUTO_INCREMENT for table `news_tags_relations`
--
ALTER TABLE `news_tags_relations`
  MODIFY `id` bigint(20) UNSIGNED NOT NULL AUTO_INCREMENT, AUTO_INCREMENT=513;

--
-- AUTO_INCREMENT for table `personal_access_tokens`
--
ALTER TABLE `personal_access_tokens`
  MODIFY `id` bigint(20) UNSIGNED NOT NULL AUTO_INCREMENT;

--
-- AUTO_INCREMENT for table `users`
--
ALTER TABLE `users`
  MODIFY `id` bigint(20) UNSIGNED NOT NULL AUTO_INCREMENT, AUTO_INCREMENT=3;
COMMIT;

/*!40101 SET CHARACTER_SET_CLIENT=@OLD_CHARACTER_SET_CLIENT */;
/*!40101 SET CHARACTER_SET_RESULTS=@OLD_CHARACTER_SET_RESULTS */;
/*!40101 SET COLLATION_CONNECTION=@OLD_COLLATION_CONNECTION */;
